Sr No.,School Name,UDISE Code,State,District,Block,Cluster,Village,PIN Code,Address,School Management,School Category,School Type,Classes From–To,Rural/Urban,School Status,LGD Village,LGD Panchayat,LGD Block
1,"Z.P. UPS, MANSAR",27090600101,MAHARASHTRA,NAGPUR,RAMTEK,MANSAR ,MANSAR,441401,AT MANSAR POST MANSAR TAH. RAMTEK DIS. NAGPUR,Local Body,Primary with Upper Primary,3-Co-educational,1–7,Rural,Operational,Mansar,Mansar,Ramtek
2,"SHRI CHAKRADHAR SWAMI VIDYALAYA, MANSAR",27090600102,MAHARASHTRA,NAGPUR,RAMTEK,MANSAR ,MANSAR,441401,MANSAR TAH-RAMTEK DIST-NAGPUR STATE-MAHARASHTRA,Other State Govt. Managed,Pr. Up Pr. and Secondary Only,3-Co-educational,5–10,Rural,Operational,Mansar,Mansar,Ramtek
3,"RASHTRIYA ADARSH VIDYALAYA, MANSAR",27090600103,MAHARASHTRA,NAGPUR,RAMTEK,MANSAR ,MANSAR,441401,MANSAR TA. RAMTEK DI.- NAGPUR,Other State Govt. Managed,Pr. Up Pr. and Secondary Only,3-Co-educational,5–10,Rural,Operational,Mansar,Mansar,Ramtek
4,"PROVIDANCE ENGLISH SCH, MANSAR",27090600104,MAHARASHTRA,NAGPUR,RAMTEK,MANSAR ,MANSAR,441401,"Providence School, Mansar, Ramtek Road, Nagpur Dist 441401",Private Unaided (Recognized) ,Pr. with Up.Pr. Sec. and H.Sec.,3-Co-educational,1–12,Rural,Operational,Mansar,Mansar,Ramtek
5,"YASHODA MATIMAND MULAMULINCHI NIWASI SCHOOL, MANSAR",27090600105,MAHARASHTRA,NAGPUR,RAMTEK,,MANSAR,441401,,Private Unaided (Recognized) ,Primary,3-Co-educational,1–5,Rural,Permanently Closed,Mansar,Mansar,Ramtek
6,"Z.P. UPS, KANDRI",27090600201,MAHARASHTRA,NAGPUR,RAMTEK,MANSAR ,KANDRI,441401,AT KANDRI POST MANSAR TAH RAMTEK DIS NAGPUR,Local Body,Primary with Upper Primary,3-Co-educational,1–7,Rural,Operational,Kandri,Kandri,Ramtek
7,"PRAKASH HIGH SCHOOL, KANDRI",27090600202,MAHARASHTRA,NAGPUR,RAMTEK,MANSAR ,KANDRI,441401,Kandri mine Ta.ramtrk Dist.Nagpur,Other State Govt. Managed,Pr. with Up.Pr. Sec. and H.Sec.,3-Co-educational,5–12,Rural,Operational,Kandri,Kandri,Ramtek
8,"Z.P. PS, KANDRI (MINE)",27090600203,MAHARASHTRA,NAGPUR,RAMTEK,MANSAR ,KANDRI,441401,AT KANDRIMINE POST MANSAR TAH RAMTEK,Local Body,Primary,3-Co-educational,1–4,Rural,Operational,Kandri,Kandri,Ramtek
9,Z. P. PS HIWARA,27090600301,MAHARASHTRA,NAGPUR,RAMTEK,MANSAR ,HIWARA,441401,At-Hiwara Kandri Po-Kandri Ta-Ramtek Dist-Nagpur,Local Body,Primary,3-Co-educational,1–4,Rural,Operational,Hiwara (Bende),Kandri,Ramtek
10,"Z. P. PS, BONDRI",27090600401,MAHARASHTRA,NAGPUR,RAMTEK,MANSAR ,BONDRI,441401,"Bondri, Post- Kandri, Tah- Ramtek, Dist- Nagpur",Local Body,Primary,3-Co-educational,1–5,Rural,Operational,Bondri,Kandri,Ramtek
11,"Z. P. UPS, BHILEWADA",27090600501,MAHARASHTRA,NAGPUR,RAMTEK,MANSAR ,BHILEWADA,441106,"at post bhilewada, ta ramtek, dist.nagpur",Local Body,Primary with Upper Primary,3-Co-educational,1–8,Rural,Operational,Bhilewada,Bhilewada,Ramtek
12,"MIRAI PUBLIC SCHOOL,BHILEWADA,TA-RAMTEK",27090600502,MAHARASHTRA,NAGPUR,RAMTEK,MANSAR ,BHILEWADA,441106,"Bhilewada,Tah-Ramtek Dist-Nagpur",Private Unaided (Recognized) ,Primary,3-Co-educational,1–5,Rural,Operational,Bhilewada,Bhilewada,Ramtek
13,"Z. P. UPS, KHUMARI",27090600601,MAHARASHTRA,NAGPUR,RAMTEK,MANSAR ,KHUMARI,441401,Near Baba Taj Convent School,Local Body,Primary with Upper Primary,3-Co-educational,1–7,Rural,Operational,Khumari,Khumari,Ramtek
14,"PUNYASHLOK VIDYANIKETAN, KHUMARI",27090600602,MAHARASHTRA,NAGPUR,RAMTEK,MANSAR ,KHUMARI,441401,At Post Khumari ta Ramtek Dist Nagpur,Other State Govt. Managed,Pr. Up Pr. and Secondary Only,3-Co-educational,5–10,Rural,Operational,Khumari,Khumari,Ramtek
15,"BABA TAJ ENGLISH PRIMARY SCHOOL, KHUMARI",27090600603,MAHARASHTRA,NAGPUR,RAMTEK,MANSAR ,KHUMARI,441401,at.post.khumari.ta ramtek.ngp,Private Unaided (Recognized) ,Pr. Up Pr. and Secondary Only,3-Co-educational,1–10,Rural,Operational,Khumari,Khumari,Ramtek
16,"Z. P. PS, MARARWADI",27090600701,MAHARASHTRA,NAGPUR,RAMTEK,MANSAR ,MARARWADI,441401,at.mararwadi post.bhondewada.ta.ramtek dist.nagpur,Local Body,Primary,3-Co-educational,1–5,Rural,Operational,Bhondewada,Khumari,Ramtek
17,"Z. P. PS, SARAKHA",27090600801,MAHARASHTRA,NAGPUR,RAMTEK,MANSAR ,SARAKHA,441401,sarakha po.borda ta.Ramtek Dt.Nagpur,Local Body,Primary,3-Co-educational,1–4,Rural,Operational,Sarakha,Borda,Ramtek
18,"Z. P. UPS, BORDA",27090600901,MAHARASHTRA,NAGPUR,RAMTEK,MANSAR ,BORDA,441401,"near hanuman mandir, borda, po.borda, ta.ramtek,dist.nagpur",Local Body,Primary with Upper Primary,3-Co-educational,1–8,Rural,Operational,Borda,Borda,Ramtek
19,"Z.P. UPS, SATRAPUR",27090601001,MAHARASHTRA,NAGPUR,RAMTEK,MANSAR ,SATRAPUR,441401,At.satrapur Post.Borda Ta.Ramtek Dt. Nagpur,Local Body,Primary with Upper Primary,3-Co-educational,1–8,Rural,Operational,Chhatrapur,Borda,Ramtek
20,"Z. P. UPS, PATGOWARI",27090601101,MAHARASHTRA,NAGPUR,RAMTEK,MANSAR ,PATGOWARI,441105,at. patgowari.post.naykund tq.ramtek dist. nagpur,Local Body,Primary with Upper Primary,3-Co-educational,1–8,Rural,Operational,Patgowari,Patgowari,Ramtek
21,"Z. P. PS, HETITOLA",27090601201,MAHARASHTRA,NAGPUR,RAMTEK,MANSAR ,HETITOLA,441401,at.hetitola post mansar ta.ramtek dist nagpur ,Local Body,Primary,3-Co-educational,1–5,Rural,Operational,Patgowari,Patgowari,Ramtek
22,"Z.P. PS, DOLAMINE",27090601301,MAHARASHTRA,NAGPUR,RAMTEK,MANSAR ,DOLAMINE,441105,at.Dolamine post.mansar tq.ramtek dist.nagpur,Local Body,Primary,3-Co-educational,1–5,Rural,Operational,Mansar,Mansar,Ramtek
23,"Z. P. UPS, PAWANI",27090601501,MAHARASHTRA,NAGPUR,RAMTEK,AWANI ,PAWANI,441401,at-pawani post-pawani tah-ramtek pin-441401,Local Body,Primary with Upper Primary,3-Co-educational,1–7,Rural,Operational,Pawni,Bothiyapalora,Ramtek
24,"JAISEWA ADARSH HIGH SCHOOL, POUNI",27090601502,MAHARASHTRA,NAGPUR,RAMTEK,AWANI ,PAWANI,441401,Paoni Ta. Ramtek Dist. Nagpur,Other State Govt. Managed,Pr. Up Pr. and Secondary Only,3-Co-educational,5–10,Rural,Operational,Pawni,Bothiyapalora,Ramtek
25,"Z.P. UPS, MOUDI",27090601601,MAHARASHTRA,NAGPUR,RAMTEK,AWANI ,MOUDI,441401,"At-Moudi, Ta-Ramtek, Dist-Nagpur",Local Body,Primary with Upper Primary,3-Co-educational,1–7,Rural,Operational,Moudi,Bothiyapalora,Ramtek
26,"Z.P. UPS, MANEGAON (HIWARA)",27090601801,MAHARASHTRA,NAGPUR,RAMTEK,AWANI ,MANEGAON  ( HIWARA),441404,"At.Manegaon Hiwara Po.Hiwara Bazar,Tha. Ramtek,Dist.Nagpur",Local Body,Primary with Upper Primary,3-Co-educational,1–8,Rural,Operational,Manegaon(Rithi),Warghat,Ramtek
27,"Z.P. PS, BOTHIYAPALORA",27090602001,MAHARASHTRA,NAGPUR,RAMTEK,AWANI ,BOTHIYA,441401,"Bothiyapalora Tah- Ramtek, Dist- Nagpur",Local Body,Primary,3-Co-educational,1–4,Rural,Operational,Bothiya(Palora),Bothiyapalora,Ramtek
28,Z.P. HS & JR. COLLEGE BOTHIYAPALORA,27090602002,MAHARASHTRA,NAGPUR,RAMTEK,AWANI ,BOTHIYA,441401,"AT BOTHIYA PALORA, POST-PAONI, TA-RAMTEK, DIST-NAGPUR",Local Body,Pr. with Up.Pr. Sec. and H.Sec.,3-Co-educational,5–12,Rural,Operational,Bothiya(Palora),Bothiyapalora,Ramtek
29,"Z.P. PS, SITAPUR",27090602201,MAHARASHTRA,NAGPUR,RAMTEK,AWANI ,SITAPUR,441401,"At- Sitapur, Jabalpur Road, Po-Pawani, Ta-Ramtek",Local Body,Primary,3-Co-educational,1–4,Rural,Operational,Sitapar,Bothiyapalora,Ramtek
30,"Z.P. PS, VANPAWANI",27090602301,MAHARASHTRA,NAGPUR,RAMTEK,AWANI ,VAN PAWANI,441401,"At- Vanpawani, Jabalpur Road, Ta-Ramtek",Local Body,Primary,3-Co-educational,1–4,Rural,Operational,Wanpauni,Bothiyapalora,Ramtek
31,"Z.P. PS, KHARPADA",27090602401,MAHARASHTRA,NAGPUR,RAMTEK,AWANI ,KHARPADA,441401,"Karpada, post- pawani, tah- Ramtek, Dist- Nagpur",Local Body,Primary,3-Co-educational,1–5,Rural,Operational,Kharpada,Bothiyapalora,Ramtek
32,"Z.P. PS, SAWANGI",27090602501,MAHARASHTRA,NAGPUR,RAMTEK,AWANI ,SAWANGI,441401,"Sawangi, Post- Pawani, Tah- Ramtek, Dist- Nagpur",Local Body,Primary,3-Co-educational,1–5,Rural,Operational,Sawangi,Bothiyapalora,Ramtek
33,"Z.P. PS, BANJARTOLA",27090602601,MAHARASHTRA,NAGPUR,RAMTEK,AWANI ,BANJAR TOLA,441401,"Banjartola, Post- Patharai, Tah- Ramtek, Dist- Nagpur",Local Body,Primary,3-Co-educational,1–5,Rural,Operational,Pawni,Bothiyapalora,Ramtek
34,"Z.P. PS, CHORBAHULI",27090602701,MAHARASHTRA,NAGPUR,RAMTEK,AWANI ,CHORBAHULI,441401,at- chorbahuli post- khumari tah-ramtek pin-441401,Local Body,Primary,3-Co-educational,1–5,Rural,Operational,Chorbahuli (Mogra),Khumari,Ramtek
35,Z.P. PS. PIPARIYA,27090602901,MAHARASHTRA,NAGPUR,RAMTEK,PS. PIPARIYA ,PIPARIYA,441401,"AT-PIPARIYA,POST-PIPARIYA,TH-RAMTEK,DISTT-NAGPUR",Local Body,Primary,3-Co-educational,1–5,Rural,Operational,Pipriya,Pipriya,Ramtek
36,"Z.P. PS, WAGHOLI",27090603001,MAHARASHTRA,NAGPUR,RAMTEK,PS. PIPARIYA ,WAGHOLI,441401,"AT-WAGHOLI,POST-PIPARIYA,TH-RAMTEK,DIST-NAGPUR",Local Body,Primary,3-Co-educational,1–5,Rural,Operational,Pipriya,Pipriya,Ramtek
37,"Z.P. PS, SILLARI",27090603101,MAHARASHTRA,NAGPUR,RAMTEK,PS. PIPARIYA ,SILLARI,441401,"AT-SILLARI,POST-PIPARIYA,TH-RAMTEK,DIST-NAGPUR",Local Body,Primary,3-Co-educational,1–5,Rural,Operational,Sillari,Pipriya,Ramtek
38,"Z.P. PS, KHAPA",27090603201,MAHARASHTRA,NAGPUR,RAMTEK,PS. PIPARIYA ,KHAPA,441401,"AT-KHAPA, PO-PIPARIYA,TH-RAMTEK,DISTT-NAGPUR",Local Body,Primary,3-Co-educational,1–5,Rural,Operational,Khapa,Pipriya,Ramtek
39,"Z.P. PS, FULZARI",27090603301,MAHARASHTRA,NAGPUR,RAMTEK,PS. PIPARIYA ,FULZARI(JANGLI),441401,"AT-FULZARI,PO-PIPARIYA,TH-RAMTEK,DIST-NAGPUR",Local Body,Primary,3-Co-educational,1–5,Rural,Operational,Fulzari (Forest),Pipriya,Ramtek
40,"Z.P. UPS, GHOTI",27090603401,MAHARASHTRA,NAGPUR,RAMTEK,PS. PIPARIYA ,GHOTI,441401,"AT-GHOTI,POST-PIPARIYA,TH-RAMTEK,DIST-NAGPUR",Local Body,Primary with Upper Primary,3-Co-educational,1–7,Rural,Operational,Ghoti,Dahoda,Ramtek
41,JAYSEWA ADI. PRY ASHR.SCH.DAHODA,27090603501,MAHARASHTRA,NAGPUR,RAMTEK,PS. PIPARIYA ,DAHODA,441401,AT. DAHODA PO. PATHARAI TH. RAMTEK DIS. NAGPUR,Other State Govt. Managed,Primary with Upper Primary,3-Co-educational,1–7,Rural,Operational,Dahoda,Dahoda,Ramtek
42,JAYSEWA ADI. MDY ASHR.SCH.DAHODA,27090603502,MAHARASHTRA,NAGPUR,RAMTEK,PS. PIPARIYA ,DAHODA,441401,AT DAHODA TA RAMTEK DIST NAGPUR,Other State Govt. Managed,Up. Pr. Secondary and Higher Sec,3-Co-educational,8–12,Rural,Operational,Dahoda,Dahoda,Ramtek
43,"Z.P. PS, AMBAZARI",27090603901,MAHARASHTRA,NAGPUR,RAMTEK,PS. PIPARIYA ,AMBAZARI,441401,At-Ambazari Po-Patharai Ta-Ramtek Dist-Nagpur,Local Body,Primary,3-Co-educational,1–5,Rural,Operational,Ambazari,Patharai,Ramtek
44,"Z.P. UPS, PATHARAI",27090604101,MAHARASHTRA,NAGPUR,RAMTEK,PS. PIPARIYA ,PATHARAI,441401,"AAAT-PATAHARAI, POST-PATHARAI,TH-RAMTEK,DIST-NAGPUR",Local Body,Primary with Upper Primary,3-Co-educational,1–7,Rural,Operational,Pathrai,Patharai,Ramtek
45,"NAVJEEVAN HIGH SCHOOL AND KANISHTTHA MAHAVIDYALAYA, PATHRAI",27090604102,MAHARASHTRA,NAGPUR,RAMTEK,PS. PIPARIYA ,PATHARAI,441401,"Patharai, Tah- Ramtek, Dist - Nagpur",Other State Govt. Managed,Pr. with Up.Pr. Sec. and H.Sec.,3-Co-educational,5–12,Rural,Operational,Pathrai,Patharai,Ramtek
46,"Z.P. PS, HIWARA (PATHARAI)",27090604201,MAHARASHTRA,NAGPUR,RAMTEK,PS. PIPARIYA ,HIWARA(PATHARAI),441401,"AT-HIWARA,PO-PATHARAI,TH-RAMTEK,DISTT-NAGPUR",Local Body,Primary,3-Co-educational,1–5,Rural,Operational,Pathrai,Patharai,Ramtek
47,"Z.P. PS, SALAI (PIPRIYA)",27090604301,MAHARASHTRA,NAGPUR,RAMTEK,PS. PIPARIYA ,SALAI(PIPARIYA),441401,"AT-SALAI,PO-PIPARIYA,TH-RAMTEK,DISTT-NAGPUR",Local Body,Primary,3-Co-educational,1–5,Rural,Operational,Salai,Pipriya,Ramtek
48,"Z.P. PS, DEOLAPAR",27090604401,MAHARASHTRA,NAGPUR,RAMTEK,DEOLAPAR ,DEOLAPAR,441401,"Z.P.P.SCHOOL DEOLAPAR, PO.DEOLAPAR, TA.RAMTEK ,DI.NAGPUR",Local Body,Primary,3-Co-educational,1–4,Rural,Operational,Deolapar,Dewlapar,Ramtek
49,PRATHMIK ASHRAM SCH. DEOLAPAR,27090604402,MAHARASHTRA,NAGPUR,RAMTEK,DEOLAPAR ,DEOLAPAR,441401,devlapar ta-ramtek dist-nagpur,Other State Govt. Managed,Primary with Upper Primary,3-Co-educational,1–7,Rural,Operational,Deolapar,Dewlapar,Ramtek
50,"UDAY HIGHER PRIMARY SCHOOL, DEOLAPAR",27090604403,MAHARASHTRA,NAGPUR,RAMTEK,DEOLAPAR ,DEOLAPAR,441401,"UDAY UCHH PRIMARY SCHOOL DEOLAPAR, PO.DEOLAPAR .TA.RAMTEK, DI.NAGPUR",Other State Govt. Managed,Primary with Upper Primary,3-Co-educational,1–7,Rural,Operational,Deolapar,Dewlapar,Ramtek
51,"UDAY VIDYALAYA, DEOLAPAR",27090604404,MAHARASHTRA,NAGPUR,RAMTEK,DEOLAPAR ,DEOLAPAR,441401,BEHIND RURAL HOSPITAL DEOLAPAR,Other State Govt. Managed,Upper Pr. and Secondary,3-Co-educational,8–10,Rural,Operational,Deolapar,Dewlapar,Ramtek
52,SWAMI VIVEKANAND VIDYALAYA AND UCHCHA MADHYAMIK VIDYALAYA DEOLAPAR,27090604405,MAHARASHTRA,NAGPUR,RAMTEK,DEOLAPAR ,DEOLAPAR,441401,Deolapar Ta.Ramtek Dist.Nagpur 441401,Other State Govt. Managed,Pr. with Up.Pr. Sec. and H.Sec.,3-Co-educational,5–12,Rural,Operational,Deolapar,Dewlapar,Ramtek
53,GURUKUL MYD. ASHRAM SCH. DEOLAPAR,27090604406,MAHARASHTRA,NAGPUR,RAMTEK,DEOLAPAR ,DEOLAPAR,441401,"At., Post - Deolapar, Tah - Ramtek, Dist - Nagpur 441401",Other State Govt. Managed,Up. Pr. Secondary and Higher Sec,3-Co-educational,8–12,Rural,Operational,Deolapar,Dewlapar,Ramtek
54,"LATE SMT.LAXMIDEVI AGARWALA CONVENT, DEOLAPAR",27090604407,MAHARASHTRA,NAGPUR,RAMTEK,DEOLAPAR ,DEOLAPAR,441401,At post Deolapar Ta Ramtek Dist Nagpur,Private Unaided (Recognized) ,Primary,3-Co-educational,1–5,Rural,Operational,Deolapar,Dewlapar,Ramtek
55,"Z.P. PS, NIMTOLA",27090604501,MAHARASHTRA,NAGPUR,RAMTEK,DEOLAPAR ,NIMTOLA,441401,"Z.P.P.SCHOOL NIMTOLA , PO.DEOLAPAR ,TA.RAMTEK , DI.NAGPUR",Local Body,Primary,3-Co-educational,1–4,Rural,Operational,Deolapar,Dewlapar,Ramtek
56,"Z.P. PS, KAMATHI",27090604601,MAHARASHTRA,NAGPUR,RAMTEK,DEOLAPAR ,KAMTHI,441401,"Z.P.P.SCHOOL KAMTHEE , PO.DEOLAPAR ,TA.RAMTEK , DI.NAGPUR",Local Body,Primary,3-Co-educational,1–5,Rural,Operational,Kamthi,Dongartal,Ramtek
57,"Z.P. PS, KADBIKHEDA",27090604701,MAHARASHTRA,NAGPUR,RAMTEK,DEOLAPAR ,KADBIKHEDA,441401,AT KADBIKHEDA POST DEOLAPAR TAH RAMTEK DIST NAGPUR,Local Body,Primary,3-Co-educational,1–5,Rural,Operational,Kadbikheda,Dongartal,Ramtek
58,"Z.P. UPS, ZINJERIYA",27090604801,MAHARASHTRA,NAGPUR,RAMTEK,DEOLAPAR ,ZINJERIYA,441401,AT. ZINJERIYA POST. DEOLAPAR TAH. RAMTEK DIST. NAGPUR- 441401,Local Body,Primary with Upper Primary,3-Co-educational,1–8,Rural,Operational,Zinzeriya,Dewlapar,Ramtek
59,"Z.P. PS, DONGARTAL",27090604901,MAHARASHTRA,NAGPUR,RAMTEK,DEOLAPAR ,DONGARTAL,441401,"Z.P.P.SCHOOL DONGARTAL, PO.DEOLAPAR, TA.RAMTEK, DI.NAGPUR",Local Body,Primary,3-Co-educational,1–5,Rural,Operational,Dongartal,Dongartal,Ramtek
60,"Z.P. PS, KHIDKI",27090605001,MAHARASHTRA,NAGPUR,RAMTEK,DEOLAPAR ,KHIDAKI,441401,"Z.P.P.SCHOOL KHIDKI , PO.DEOLAPAR ,TA.RAMTEK, DI.NAGPUR",Local Body,Primary,3-Co-educational,1–5,Rural,Operational,Khidki,Katta,Ramtek
61,"Z.P. UPS, TUYAPAR (DEOLAPAR)",27090605101,MAHARASHTRA,NAGPUR,RAMTEK,DEOLAPAR ,TUYYAPAR DEOLAPAR,441401,"Z.P.PU.P.SCHOOL TUYAPAR , PO.BELADA ,TA.RAMTEK, DI.NAGPUR",Local Body,Primary with Upper Primary,3-Co-educational,1–7,Rural,Operational,Tuyapar(Belda),Dahoda,Ramtek
62,"Z.P. PS, SINDEWANI",27090605201,MAHARASHTRA,NAGPUR,RAMTEK,DEOLAPAR ,SINDEWANI,441401,AT. SINDEWANI POST. KATTA TAH. RAMTEK DIST. NAGPUR-441401,Local Body,Primary,3-Co-educational,1–5,Rural,Operational,Sindewani,Katta,Ramtek
63,"Z.P. PS, PENDHARAI",27090605301,MAHARASHTRA,NAGPUR,RAMTEK,DEOLAPAR ,PENDHARAI,441401,"Z.P.PRIMARY SCHOOL PENDHARAI, PO. DEOLAPAR , TA. RAMTEK , DI. NAGPUR.",Local Body,Primary,3-Co-educational,1–5,Rural,Operational,Pendhari,Katta,Ramtek
64,"Z.P. PS, KATTA",27090605401,MAHARASHTRA,NAGPUR,RAMTEK,DEOLAPAR ,KATTA,441401,"Z.P.P.SCHOOL KATTA ,PO.DEOLAPAR ,TA.RAMTEK ,DI.NAGPUR",Local Body,Primary,3-Co-educational,1–5,Rural,Operational,Katta,Katta,Ramtek
65,"Z.P. PS, WADAMBA",27090605501,MAHARASHTRA,NAGPUR,RAMTEK,WADAMBA ,WADAMBA,441401,AT.POST-WADAMBA TAH-RAMTEK DIST-NAGPUR,Local Body,Primary,3-Co-educational,1–4,Rural,Operational,Wadamba (Malgujari),Wadamba,Ramtek
66,"Z.P. HS, WADAMBA",27090605502,MAHARASHTRA,NAGPUR,RAMTEK,WADAMBA ,WADAMBA,441401,AT POST WADAMBA NEAR OF GRAMPANCHYAT ,Local Body,Pr. Up Pr. and Secondary Only,3-Co-educational,5–10,Rural,Operational,Wadamba (Malgujari),Wadamba,Ramtek
67,"ST. PETER'S SMILE HIGH SCHOOL& JR. COLLEGE,DEOLAPAR,RAMTEK",27090605503,MAHARASHTRA,NAGPUR,RAMTEK,WADAMBA ,WADAMBA,441401,"At-Wadamba, Po-Deolapar, Ta-Ramtek, Dist-Nagpur",Private Unaided (Recognized) ,Pr. with Up.Pr. Sec. and H.Sec.,3-Co-educational,1–12,Rural,Operational,Wadamba (Malgujari),Wadamba,Ramtek
68,"Z.P. PS, RAYATWADI",27090605601,MAHARASHTRA,NAGPUR,RAMTEK,WADAMBA ,RAYYATWADI,441401,AT-RAYATWADI POST-WADAMBA TAH-RAMTEK DIST NAGPUR,Local Body,Primary,3-Co-educational,1–4,Rural,Operational,Wadamba (Rayatwari),Wadamba,Ramtek
69,"Z.P. PS, NAVEGAON (WADAMBA)",27090605701,MAHARASHTRA,NAGPUR,RAMTEK,WADAMBA ,NAWEGAON WADAMBA,441401,AT.NAVEGAON POST WADAMBA TAH RAMTEK DIST NAGPUR,Local Body,Primary,3-Co-educational,1–5,Rural,Operational,Nawegaon 2,Wadamba,Ramtek
70,"Z.P. PS, USARIPAR",27090605801,MAHARASHTRA,NAGPUR,RAMTEK,WADAMBA ,USARIPAR,441401,AT-USARIPAR POST-WADAMBA TAH-RAMTEK DIST-NAGPUR,Local Body,Primary,3-Co-educational,1–4,Rural,Operational,Usripar,Dongartal,Ramtek
71,"Z.P. PS, BANDRA",27090605901,MAHARASHTRA,NAGPUR,RAMTEK,WADAMBA ,BANDRA,441401,AT.BANDRA POST.WADAMBA TAH RAMTEK DIST NAGPUR,Local Body,Primary,3-Co-educational,1–4,Rural,Operational,Bandra,Bandra,Ramtek
72,EKLAWYA ADI.PRY.ASH.SCH.BANDRA,27090605902,MAHARASHTRA,NAGPUR,RAMTEK,,BANDRA,441401,,Other State Govt. Managed,Primary with Upper Primary,3-Co-educational,1–7,Rural,Permanently Closed,Bandra,Bandra,Ramtek
73,EKLAWYA ADI.MDY.ASH.SCH.BANDRA,27090605903,MAHARASHTRA,NAGPUR,RAMTEK,,BANDRA,441401,,Other State Govt. Managed,Upper Pr. and Secondary,3-Co-educational,8–10,Rural,Permanently Closed,Bandra,Bandra,Ramtek
74,"Z.P. PS, JUNEWANI",27090606001,MAHARASHTRA,NAGPUR,RAMTEK,WADAMBA ,JUNEWANI,441401,AT.JUNEWANI POST.WADAMBA TAH.RAMTEK DIST NAGPUR,Local Body,Primary,3-Co-educational,1–5,Rural,Operational,Junewani,Wadamba,Ramtek
75,"Z.P. UPS, BELDA",27090606201,MAHARASHTRA,NAGPUR,RAMTEK,WADAMBA ,BELDA,441401,AT.POST-BELDA TAH-RAMTEK DIST-NAGPUR,Local Body,Primary with Upper Primary,3-Co-educational,1–7,Rural,Operational,Belda,Belda,Ramtek
76,GOVT MDY ASHRAM SCH BELDA,27090606202,MAHARASHTRA,NAGPUR,RAMTEK,WADAMBA ,BELDA,441401,"Belda, Tah- Ramtek, Dist- Nagpur",Tribal Welfare Department,Pr. with Up.Pr. Sec. and H.Sec.,3-Co-educational,1–12,Rural,Operational,Belda,Belda,Ramtek
77,"Z.P. PS, NAVEGAON (BELDA)",27090606301,MAHARASHTRA,NAGPUR,RAMTEK,WADAMBA ,NAWEGAON BELDA,441401,AT.NAVEGAON POST BELDA TAH .RAMTEK DIST.NAGPUR,Local Body,Primary,3-Co-educational,1–5,Rural,Operational,Nawegaon 2,Wadamba,Ramtek
78,"Z.P. PS, GOREGHAT",27090606401,MAHARASHTRA,NAGPUR,RAMTEK,WADAMBA ,GOREGHAT,441401,AT.GOREGHAT POST.DEOLAPAR TAH RAMTEK DIST.NAGPUR,Local Body,Primary,3-Co-educational,1–5,Rural,Operational,Goreghat,Belda,Ramtek
79,"Z.P. UPS, SAWARA",27090606501,MAHARASHTRA,NAGPUR,RAMTEK,WADAMBA ,SAWRA,441401,AT.SAWARA POST-DEOLAPAR TAH-RAMTEK,Local Body,Primary with Upper Primary,3-Co-educational,1–8,Rural,Operational,Sawara,Dongartal,Ramtek
80,"Z.P. UPS, PINDKAPAR (LODHA)",27090606601,MAHARASHTRA,NAGPUR,RAMTEK,WADAMBA ,PINDKAPAR(LODHA),441401,AT.PINDKAPAR POST LODHA TAH RAMTEK DIST NAGPUR,Local Body,Primary with Upper Primary,3-Co-educational,1–7,Rural,Operational,Pindkapar(Lodha),Pindakapar(L),Ramtek
81,"Z.P. PS, KARWAHI",27090606801,MAHARASHTRA,NAGPUR,RAMTEK,KARWAHI ,KARWAHI,441401,At Post Karwahi Tah Ramtek Dist Nagpur,Local Body,Primary,3-Co-educational,1–4,Rural,Operational,Karwahi,Karwahi,Ramtek
82,"DNYANDEEP VIDYAMANDIR, KARWAHI",27090606802,MAHARASHTRA,NAGPUR,RAMTEK,KARWAHI ,KARWAHI,441401,AT POST KARWAHI TA RAMTEK DIST NAGPUR,Other State Govt. Managed,Pr. Up Pr. and Secondary Only,3-Co-educational,5–10,Rural,Operational,Karwahi,Karwahi,Ramtek
83,"Z.P. UPS, LODHA",27090606901,MAHARASHTRA,NAGPUR,RAMTEK,KARWAHI ,LODHA,441401,At Lodha Post Karwahi Tah Ramtek Dist Nagpur,Local Body,Primary with Upper Primary,3-Co-educational,1–7,Rural,Operational,Lodha,Pindakapar(L),Ramtek
84,"Z.P. UPS, MANEGAON (TEK)",27090607001,MAHARASHTRA,NAGPUR,RAMTEK,KARWAHI ,MANEGAON TEK,441401,At Post Manegaontek Tah Ramtek Dist Nagpur,Local Body,Primary with Upper Primary,3-Co-educational,1–8,Rural,Operational,Manegaon Tek,Karwahi,Ramtek
85,"Z.P. PS, GARRA",27090607101,MAHARASHTRA,NAGPUR,RAMTEK,KARWAHI ,GARRA,441401,At Garra Post Manegaontek Tah Ramtek Dist Nagpur,Local Body,Primary,3-Co-educational,1–5,Rural,Operational,Garra,Bandra,Ramtek
86,"Z.P. PS, KHURSAPAR",27090607201,MAHARASHTRA,NAGPUR,RAMTEK,KARWAHI ,KHURSAPAR,441401,"ZILHA PARISHAD PRAMARY SCHOOL KHURSAPAR, AT.KHURSAPAR ,PO.MANEGAONTEK , TA.RAMTEK, , DI. NAGPUR.",Local Body,Primary,3-Co-educational,1–5,Rural,Operational,Khursapar,Bandra,Ramtek
87,"Z.P. PS, CHHAWARI",27090607301,MAHARASHTRA,NAGPUR,RAMTEK,KARWAHI ,CHHAWARI,441401,"CHHAWARIPOST,KARWAHI TA.RAMTEK DIST.NAGPUR",Local Body,Primary,3-Co-educational,1–5,Rural,Operational,Chawari,Karwahi,Ramtek
88,"Z.P. UPS, DULARA",27090607401,MAHARASHTRA,NAGPUR,RAMTEK,KARWAHI ,DULARA,441401,AT. DULARA PO. KARWAHI TA. RAMTEK DIST. NAGPUR,Local Body,Primary with Upper Primary,3-Co-educational,1–7,Rural,Operational,Dulara,Karwahi,Ramtek
89,"Z.P. PS, SITAPAR GONDITOLA",27090607503,MAHARASHTRA,NAGPUR,RAMTEK,KARWAHI ,SITAPAR GONDITOLA RITHI,441401,SITAPAR GONDITOLA POST KARWAHI TA. RAMTEK DIST. NAGPUR ,Local Body,Primary,3-Co-educational,1–4,Rural,Operational,Sitapur,Pindakapar(L),Ramtek
90,"Z.P. UPS, HIWARABAZAR",27090607601,MAHARASHTRA,NAGPUR,RAMTEK,HIWARABAZAR ,HIWARABAZAR,441401,AT POST HIWRABAZAR TALUKA RAMTEK DISTRICT NAGPUR,Local Body,Primary with Upper Primary,3-Co-educational,1–7,Rural,Operational,Hiwarabazar,Hiwrabajar,Ramtek
91,"SHANTINIKETAN ADHYAYAN MANDIR, HIWARA(BAZAR)",27090607602,MAHARASHTRA,NAGPUR,RAMTEK,HIWARABAZAR ,HIWARABAZAR,441401,Hiwarabajar Ta. Ramtek Dist. Nagpur,Other State Govt. Managed,Pr. Up Pr. and Secondary Only,3-Co-educational,5–10,Rural,Operational,Hiwarabazar,Hiwrabajar,Ramtek
92,"Z.P. UPS, TANGLA",27090607701,MAHARASHTRA,NAGPUR,RAMTEK,HIWARABAZAR ,TANGLA,441401,"At Tangla Ta- Ramtek, Dist- Nagpur",Local Body,Primary with Upper Primary,3-Co-educational,1–7,Rural,Operational,Tangla,Tangla,Ramtek
93,"RANI DURGWATI PRY.ASH.SCH, TANGLA",27090607702,MAHARASHTRA,NAGPUR,RAMTEK,HIWARABAZAR ,TANGLA,440013,At.Post.Tangla Tha.Ramtek Dist.Nagpur,Other State Govt. Managed,Primary with Upper Primary,3-Co-educational,1–7,Rural,Operational,Tangla,Tangla,Ramtek
94,"RANI DURGWATI MDY.ASH.SCH, TANGLA",27090607703,MAHARASHTRA,NAGPUR,RAMTEK,HIWARABAZAR ,TANGLA,441401,Rani Durgawati Ashram school Tangla th Ramtek Dist Nagpur ,Other State Govt. Managed,Up. Pr. Secondary and Higher Sec,3-Co-educational,8–12,Rural,Operational,Tangla,Tangla,Ramtek
95,"Z.P. UPS, PUSDA",27090607901,MAHARASHTRA,NAGPUR,RAMTEK,HIWARABAZAR ,PUSDA,441401,"Pusda, Post- Hiwarabajar, Tah- Ramtek, Dist- Nagpur",Local Body,Primary with Upper Primary,3-Co-educational,1–7,Rural,Operational,Pusda Punarvasan No. 1,Pusada Punarvasan No. 1,Ramtek
96,"Z.P. UPS, SALAI (HIWRA)",27090608001,MAHARASHTRA,NAGPUR,RAMTEK,HIWARABAZAR ,SALAI,441401,"Salai Hiwara, Post- Hiwarabazar, Tah- Ramtek, Dist- Nagpur",Local Body,Primary with Upper Primary,3-Co-educational,1–7,Rural,Operational,Salai(Hiwrabajar),Salai,Ramtek
97,"Z.P. PS, KHANORA",27090608101,MAHARASHTRA,NAGPUR,RAMTEK,HIWARABAZAR ,KHANORA,441401,"At khanora, Post Hiwrabazar, Ta-Ramtek, Dist-Nagpur",Local Body,Primary,3-Co-educational,1–4,Rural,Operational,Khanora,Khanora,Ramtek
98,"Z.P. PS, LAKHAPUR",27090608202,MAHARASHTRA,NAGPUR,RAMTEK,HIWARABAZAR ,LAKHAPUR(RITHI),441401,"At-Lakhapur, Post- Belda, Ta-Ramtek, Dist-Nagpur",Local Body,Primary,3-Co-educational,1–4,Rural,Operational,Lakhapur,Khanora,Ramtek
99,"Z.P. PS, FULZARI (HIWARA)",27090608301,MAHARASHTRA,NAGPUR,RAMTEK,HIWARABAZAR ,FULZARI(HIWARA),441401,"At Fulzari, Post Hiwara bazar, Ta-Ramtek",Local Body,Primary,3-Co-educational,1–4,Rural,Operational,Fulzari,Hiwrabajar,Ramtek
100,"Z.P. PS, AKOLA",27090608401,MAHARASHTRA,NAGPUR,RAMTEK,HIWARABAZAR ,AKOLA,441401,AT AKOLA POST HIWRA BAZAR TAHSIL RAMTEK DISTRICT NAGPUR,Local Body,Primary,3-Co-educational,1–4,Rural,Operational,Akola,Khanora,Ramtek
101,"Z.P. PS, WARGHAT",27090608501,MAHARASHTRA,NAGPUR,RAMTEK,HIWARABAZAR ,WARGHAT,441401,AT WARGHAT POST HIWRA BAZAR TAHSIL RAMTEK DISTRIST NAGPUR PIN CODE NO 441401,Local Body,Primary,3-Co-educational,1–4,Rural,Operational,Warghat,Warghat,Ramtek
102,"Z.P. PS, TUMDITOLA",27090608601,MAHARASHTRA,NAGPUR,RAMTEK,HIWARABAZAR ,TUMDITOLA,441401,"At-Tumditola, Po-Hiwarabazar, ",Local Body,Primary,3-Co-educational,1–5,Rural,Operational,Hiwarabazar,Hiwrabajar,Ramtek
103,"Z.P. UPS, GHOTI (RAMJAN)",27090608701,MAHARASHTRA,NAGPUR,RAMTEK,HIWARABAZAR ,GHOTI(RAMJAN),441401,At. Ghoti Ramjan Post. Hiwara Bazar Ta. Ramtek Dist. Nagpur,Local Body,Primary with Upper Primary,3-Co-educational,1–7,Rural,Operational,Ghoti(Dahoda),Salai,Ramtek
104,Z.P. UPS MUSEWADI,27090608901,MAHARASHTRA,NAGPUR,RAMTEK,MUSEWADI ,MUSEWADI,441106,"Musewadi, Tah- Ramtek, Dist- Nagpur",Local Body,Primary with Upper Primary,3-Co-educational,1–7,Rural,Operational,Musewadi,Musewadi,Ramtek
105,"MATOSHRI KASHIDEVI MADHYAMIK AND UCCHA MADHYAMIK VIDYALAYA, MUSEWADI",27090608902,MAHARASHTRA,NAGPUR,RAMTEK,MUSEWADI ,MUSEWADI,441106,"At. Post Musewadi Tah. Ramtek, Dist. Nagpur 441106",Other State Govt. Managed,Pr. with Up.Pr. Sec. and H.Sec.,3-Co-educational,5–12,Rural,Operational,Musewadi,Musewadi,Ramtek
106,"Z.P. UPS, UMRI",27090609001,MAHARASHTRA,NAGPUR,RAMTEK,MUSEWADI ,UMARI(CHI),441106,"Umari, Post- Musewadi, Tah- Ramtek, Dist- Nagpur",Local Body,Primary with Upper Primary,3-Co-educational,1–7,Rural,Operational,Umri(Junewani),Umri,Ramtek
107,"Z.P. PS, MURDA",27090609101,MAHARASHTRA,NAGPUR,RAMTEK,MUSEWADI ,MURDA,441106,"Murda, Post- Musewadi, Tah- Ramtek",Local Body,Primary,3-Co-educational,1–5,Rural,Operational,Murda,Mandri,Ramtek
108,"Z.P. PS, CHICHDA",27090609201,MAHARASHTRA,NAGPUR,RAMTEK,MUSEWADI ,CHICHADA,441106,"Chichada, Post- Musewadi, Tah- Ramtek, Dist- Nagpur",Local Body,Primary,3-Co-educational,1–5,Rural,Operational,Chichda(Juna),Umri,Ramtek
109,GOVT. ASHRAM SCH NAVEGAON (CHICHDA),27090609202,MAHARASHTRA,NAGPUR,RAMTEK,MUSEWADI ,CHICHADA,441106,at navegaon ta Ramtek Dist NAGPUR,Tribal Welfare Department,Pr. Up Pr. and Secondary Only,3-Co-educational,5–10,Rural,Operational,Navegaon(Belda),Umri,Ramtek
110,"Z.P. PS, GUDEGAON",27090609301,MAHARASHTRA,NAGPUR,RAMTEK,MUSEWADI ,GUDEGAON,441106,"At-Gudhegaon, Po-Musewadi, Ta-Ramtek-441106, Dist-Nagpur",Local Body,Primary,3-Co-educational,1–4,Rural,Operational,Gudegaon,Umri,Ramtek
111,"Z.P. PS, MANGALI",27090609401,MAHARASHTRA,NAGPUR,RAMTEK,MUSEWADI ,MANGALI,441106,"Mangli, Post- Musewadi, Tah- Ramtek, Dist- Nagpur",Local Body,Primary,3-Co-educational,1–4,Rural,Operational,Mangli,Umri,Ramtek
112,"Z.P. PS, NAHAVI",27090609501,MAHARASHTRA,NAGPUR,RAMTEK,MUSEWADI ,NAHAVI,441106,"Nahavi, Post- Bhondewada, Tah- Ramtek, Dist- Nagpur",Local Body,Primary,3-Co-educational,1–5,Rural,Operational,Nahabi,Pindakapar(S),Ramtek
113,"Z.P. PS, MAHARAJPUR",27090609601,MAHARASHTRA,NAGPUR,RAMTEK,MUSEWADI ,MAHARAJPUR,441106,"Maharajpur, Post- Musewadi, Tah- Ramtek, dist- Nagpur",Local Body,Primary,3-Co-educational,1–5,Rural,Operational,Maharajpur,Pindakapar(S),Ramtek
114,"Z.P. UPS, DONGARI",27090609701,MAHARASHTRA,NAGPUR,RAMTEK,MUSEWADI ,DONGARI,441106,"Dongari, Post- Bhondewada, Tah- Ramtek, Dist- Nagpur",Local Body,Primary with Upper Primary,3-Co-educational,1–7,Rural,Operational,Dongri,Dongri,Ramtek
115,"Z.P. PS, CHORKHUMARI",27090609802,MAHARASHTRA,NAGPUR,RAMTEK,MUSEWADI ,CHORKHUMARI,441106,At-Chorkhumari Post.Bhondewada Ta.Ramtek Dist.Nagpur,Local Body,Primary,3-Co-educational,1–5,Rural,Operational,Chorkhumari,Dongri,Ramtek
116,"Z.P. PS, MUKNAPUR",27090609901,MAHARASHTRA,NAGPUR,RAMTEK,MUSEWADI ,MUKANAPUR,441106,"At-Muknapur, Po-Bhondewada, Ta-Ramtek, Dist-Nagpur",Local Body,Primary,3-Co-educational,1–5,Rural,Operational,Mukanapur,Dongri,Ramtek
117,"Z.P. UPS, BHONDEWADA",27090610001,MAHARASHTRA,NAGPUR,RAMTEK,MUSEWADI ,BHONDEWADA,441106,"Bhondewada, Tah- Ramtek, Dist- Nagpur",Local Body,Primary with Upper Primary,3-Co-educational,1–8,Rural,Operational,Bhondewada,Khumari,Ramtek
118,"Z.P. PS, SONEGHAT",27090610102,MAHARASHTRA,NAGPUR,RAMTEK,MUSEWADI ,SONEGHAT,441106,"At-Soneghat, Ta-Ramtek, Dist-Nagpur",Local Body,Primary,3-Co-educational,1–4,Rural,Operational,Soneghat,Soneghat,Ramtek
119,"Z.P. PS, DUDHALA",27090610202,MAHARASHTRA,NAGPUR,RAMTEK,MUSEWADI ,DUDHALA,441106,Z P SCHOOL DUDHALA PO BHONDEWADA TA RAMTEK DIST NAGPUR,Local Body,Primary,3-Co-educational,1–5,Rural,Operational,Kawadak,Soneghat,Ramtek
120,"Z.P. PS, CHOUGAN",27090610301,MAHARASHTRA,NAGPUR,RAMTEK,MUSEWADI ,CHOUGAN,441106,"At-Chougan, Po-Bhondewada, Ta-Ramtek, Distt-Nagpur",Local Body,Primary,3-Co-educational,1–4,Rural,Operational,Chaugan,Soneghat,Ramtek
121,"Z.P. UPS, PINDKAPAR (SONPUR)",27090610401,MAHARASHTRA,NAGPUR,RAMTEK,MUSEWADI ,PINDAKAPAR (SONPUR),441106,"Pindakapar, Post- Bhondewada, Tah- Ramtek, Dist-Nagpur",Local Body,Primary with Upper Primary,3-Co-educational,1–7,Rural,Operational,Pindkapur(Sonpur),Pindakapar(S),Ramtek
122,"Z.P. PS, SHIWANI (BHONDKI)",27090610501,MAHARASHTRA,NAGPUR,RAMTEK,SHIWANI (BHONDKI) ,SHIWANI (B),441106,ZILLA PARISHAD PRIMARY SCHOOL SHIWANI PO-SHIWANI TA-RAMTEK DIST-NAGPUR 441106,Local Body,Primary,3-Co-educational,1–4,Rural,Operational,Shivani (Bhodaki),Shiwni(Bho),Ramtek
123,"SWAMI SITARAMDAS MAHARAJ VIDYALAYA, SHIONI(BHONDKI)",27090610502,MAHARASHTRA,NAGPUR,RAMTEK,SHIWANI (BHONDKI) ,SHIWANI (B),441106,Shiwani Bhondki th Ramtek Dist Nagpur,Partially Govt. Aided,Pr. Up Pr. and Secondary Only,3-Co-educational,5–10,Rural,Operational,Shivani (Bhodaki),Shiwni(Bho),Ramtek
124,"Z.P. UPS, KIRNAPUR (SHIWANI)",27090610601,MAHARASHTRA,NAGPUR,RAMTEK,SHIWANI (BHONDKI) ,KIRNAPUR (SHIWANI),441106,"Kirnapur, Post- Shivani, Tah- Ramtek, Dist- Nagpur",Local Body,Primary with Upper Primary,3-Co-educational,1–7,Rural,Operational,Kirnapur(Shivani),Shiwni(Bho),Ramtek
125,"Z.P. PS, ASOLI",27090610701,MAHARASHTRA,NAGPUR,RAMTEK,SHIWANI (BHONDKI) ,ASOLI,441106,ZILLA PARISHAD PRATHMIK SHALA ASOLI PO-AROLI TA-RAMTEK DIST-NAGPUR 441106,Local Body,Primary,3-Co-educational,1–4,Rural,Operational,Asoli,Aasoli,Ramtek
126,"Z.P. PS, SALAIMETA",27090610801,MAHARASHTRA,NAGPUR,RAMTEK,SHIWANI (BHONDKI) ,SALAIMETA,441101,ZILLA PARISHAD PRIMARY SCHOOL SALAIMETA POST-SHIONI TA-RAMTEK DIST- NAGPUR 441106,Local Body,Primary,3-Co-educational,1–4,Rural,Operational,Salaimeta,Bhandarbodi,Ramtek
127,"Z.P. PS, HASAPUR",27090610901,MAHARASHTRA,NAGPUR,RAMTEK,SHIWANI (BHONDKI) ,HASAPUR,441106,ZILLA PARISHAD PRIMARY SCHOOL HASAPUR PO-SHIWANI TA RAMTEK DIST-NAGPUR 441106,Local Body,Primary,3-Co-educational,1–4,Rural,Operational,Hansapur,Bhandarbodi,Ramtek
128,"PM SHRI Z.P. PS, BHANDARBODI",27090611001,MAHARASHTRA,NAGPUR,RAMTEK,SHIWANI (BHONDKI) ,BHANDARBODI,441106,ZILLA PARISHAD PRIMARY SCHOOL BHANDARBODI POST-BHANDARBODI TA-RAMTEK DIST-NAGPUR 441106,Local Body,Primary,3-Co-educational,1–4,Rural,Operational,Bhandar Bodi,Bhandarbodi,Ramtek
129,"MAHATMA JYOTIBA FULE VIDYALAY, BHANDARBODI",27090611002,MAHARASHTRA,NAGPUR,RAMTEK,SHIWANI (BHONDKI) ,BHANDARBODI,441106,"AT POST BHANDARBODI TAH RAMTEK DIST NAGPUR,441106.",Other State Govt. Managed,Pr. Up Pr. and Secondary Only,3-Co-educational,5–10,Rural,Operational,Bhandar Bodi,Bhandarbodi,Ramtek
130,"Z.P. PS, BHIMANTOLA",27090611101,MAHARASHTRA,NAGPUR,RAMTEK,SHIWANI (BHONDKI) ,BHIMANTOLA,441106,ZILLA PARISHAD PRIMARY SCHOOL BHIMANTOLA POST-BHANDARBODI TA-RAMTEK DIST-NAGPUR 441106 ,Local Body,Primary,3-Co-educational,1–5,Rural,Operational,Bhandar Bodi,Bhandarbodi,Ramtek
131,"Z.P. PS, GHOGRA",27090611201,MAHARASHTRA,NAGPUR,RAMTEK,SHIWANI (BHONDKI) ,GHOGRA,441106,"At. Ghogra, Post. Bhandarbodi,Ta. Ramtek, Dist. Nagpur",Local Body,Primary,3-Co-educational,1–5,Rural,Operational,Guguldoh,Panchala,Ramtek
132,"Z. P. PS, MAHADULA",27090611301,MAHARASHTRA,NAGPUR,RAMTEK,SHIWANI (BHONDKI) ,MAHADULA,441106,"At Post. Mahadula. Ta. Ramtek, Dist. Nagpur",Local Body,Primary,3-Co-educational,1–4,Rural,Operational,Mahadula,Mahadula,Ramtek
133,"SANTDNYANESWAR VIDYAMANDIR,MAHADULA",27090611302,MAHARASHTRA,NAGPUR,RAMTEK,SHIWANI (BHONDKI) ,MAHADULA,441106,Mahadula Tumsar Road Tah Ramtek Dist Nagpur 441106,Other State Govt. Managed,Pr. with Up.Pr. Sec. and H.Sec.,3-Co-educational,5–12,Rural,Operational,Mahadula,Mahadula,Ramtek
134,"Z.P. PS, LOHARA",27090611401,MAHARASHTRA,NAGPUR,RAMTEK,,LOHARA,441106,"At. Lohara, Post. Mahadula, Dist, Nagpur",Local Body,Primary,3-Co-educational,1–4,Rural,Closed,Lohara,Mahadula,Ramtek
135,"Z.P. PS, GHOTI (MAHADULA)",27090611501,MAHARASHTRA,NAGPUR,RAMTEK,SHIWANI (BHONDKI) ,GHOTI(MAHADULA),441106,"Z. P. Primary school Ghoti Mahadula Ta. Ramtek, Dist, Nagpur",Local Body,Primary,3-Co-educational,1–4,Rural,Operational,Ghoti(Ramjan),Mahadula,Ramtek
136,"Z.P. PS, PANCHALA (KHURD)",27090611601,MAHARASHTRA,NAGPUR,RAMTEK,SHIWANI (BHONDKI) ,PANCHALA(KHURD),441106,"at. Panchala Post. Mahadula Ta. Ramteak, Dist. Nagpur",Local Body,Primary,3-Co-educational,1–4,Rural,Operational,Panchala (Kh),Panchala,Ramtek
137,"Z.P. UPS, MANDRI",27090611701,MAHARASHTRA,NAGPUR,RAMTEK,SHIWANI (BHONDKI) ,MANDRI,441106,"At- Mandri, Ta-Ramtek, Dist-Nagpur",Local Body,Primary with Upper Primary,3-Co-educational,1–7,Rural,Operational,Mandri,Mandri,Ramtek
138,"SHRI GURUDEO TAGOR VAN VA PARYAVARAN VIDYALAYA, MANDRI",27090611702,MAHARASHTRA,NAGPUR,RAMTEK,SHIWANI (BHONDKI) ,MANDRI,441106,"Mandri, Musewadi Ramtek",Partially Govt. Aided,Upper Pr. and Secondary,3-Co-educational,8–10,Rural,Operational,Mandri,Mandri,Ramtek
139,"Z.P. UPS, PANCHALA (B)",27090611801,MAHARASHTRA,NAGPUR,RAMTEK,SHIWANI (BHONDKI) ,PANCHALA(B),441106,"Panchala bk, Post- Mahadula, Tah- Ramtek, Dist- Nagpur",Local Body,Primary with Upper Primary,3-Co-educational,1–8,Rural,Operational,Panchala (Bk),Panchala,Ramtek
140,"Z.P. UPS, KACHURWAHI",27090611901,MAHARASHTRA,NAGPUR,RAMTEK,KACHURWAHI ,KACHURWAHI,441106,Kachurwahi Ta Ramtek Di Nagpur,Local Body,Primary with Upper Primary,3-Co-educational,1–7,Rural,Operational,Kachurwahi,Kachurwahi,Ramtek
141,"LATE ADV. NANDKISHOR JAISWAL MADHYAMIK VIDYALAYA, KACHURWAHI",27090611902,MAHARASHTRA,NAGPUR,RAMTEK,KACHURWAHI ,KACHURWAHI,441106,At. Post Kachurwahi Tah. Ramtek Dist Nagpur,Other State Govt. Managed,Pr. with Up.Pr. Sec. and H.Sec.,3-Co-educational,5–12,Rural,Operational,Kachurwahi,Kachurwahi,Ramtek
142,"SURAJ MATIMAND MULA MULINCHI NIWASI SHALA, KACHURWAHI",27090611903,MAHARASHTRA,NAGPUR,RAMTEK,KACHURWAHI ,KACHURWAHI,441106,At kachurwahi Ta Ramtek Dist Nagpur,Other State Govt. Managed,Primary,3-Co-educational,1–5,Rural,Operational,Kachurwahi,Kachurwahi,Ramtek
143,"EKVIRA MATIMAND MULANCHE BALGRUH, KACHURWAHI",27090611904,MAHARASHTRA,NAGPUR,RAMTEK,KACHURWAHI ,KACHURWAHI,441106,"at kachurwahi, tha. ramtk ,dist. nagpur",Other State Govt. Managed,Primary with Upper Primary,1-Boys,1–8,Rural,Operational,Kachurwahi,Kachurwahi,Ramtek
144,"Z.P. UPS, NAWARGAON",27090612001,MAHARASHTRA,NAGPUR,RAMTEK,KACHURWAHI ,NAWARGAON,441106,"Nawargaon, Post-Ramtek, tah- Ramtek, Dist- Nagpur",Local Body,Primary with Upper Primary,3-Co-educational,1–8,Rural,Operational,Nawargaon,Navergaon,Ramtek
145,"Z.P. UPS, BORI",27090612101,MAHARASHTRA,NAGPUR,RAMTEK,KACHURWAHI ,BORI,441106,"AT. BORI POST. KACHURWAHI, TA. RAMTEK ,DIST. NAGPUR",Local Body,Primary with Upper Primary,3-Co-educational,1–7,Rural,Operational,Bori,Bori,Ramtek
146,NEW INDIRA CONVENT (MARATHI) BORI,27090612102,MAHARASHTRA,NAGPUR,RAMTEK,KACHURWAHI ,BORI,441106,New Indira Marathi schoolboripostkachurwahitharamtek Dr Nagpur,Private Unaided (Recognized) ,Primary,3-Co-educational,1–4,Rural,Operational,Bori,Bori,Ramtek
147,"INDIRA GANDHI VIDYA MANDIR, BORI",27090612103,MAHARASHTRA,NAGPUR,RAMTEK,KACHURWAHI ,BORI,441106,Indira Gandhi Vidya Mandir Bori Post Kachurwahi Tha Ramtek Ft Nagpur,Other State Govt. Managed,Pr. with Up.Pr. Sec. and H.Sec.,3-Co-educational,5–12,Rural,Operational,Bori,Bori,Ramtek
148,"Z.P. UPS, LOHADONGARI",27090612201,MAHARASHTRA,NAGPUR,RAMTEK,KACHURWAHI ,LOHADONGARI,441106,"At-Lohadongari, Po-Dudhala, Ta-Ramtek, Distt-Nagpuur",Local Body,Primary with Upper Primary,3-Co-educational,1–7,Rural,Operational,Lohadongari,Lohadongri,Ramtek
149,"Z.P. UPS, CHOKHALA",27090612301,MAHARASHTRA,NAGPUR,RAMTEK,KACHURWAHI ,CHOKHALA,441106,"Chokhala, Post- Aroli, Tah- Ramtek, Dist- Nagpur",Local Body,Primary with Upper Primary,3-Co-educational,1–7,Rural,Operational,Chokhala,Kirnapur,Ramtek
150,"Z.P. PS, MASLA",27090612401,MAHARASHTRA,NAGPUR,RAMTEK,KACHURWAHI ,MASLA,441106,"At-Masla, Po-Kachurwahi, Ta-Ramtek, Dist-Nagpur",Local Body,Primary,3-Co-educational,1–4,Rural,Operational,Masala,Bori,Ramtek
151,"Z.P. PS, KIRNAPUR (KACHURWAHI)",27090612501,MAHARASHTRA,NAGPUR,RAMTEK,KACHURWAHI ,KIRANAPUR(KACHURWAHI),441106,"At-Kirnapur, Po- Kachurwahi Ta-Ramtek",Local Body,Primary,3-Co-educational,1–4,Rural,Operational,Kirnapur(Khodgaon),Kirnapur,Ramtek
152,"Z.P. PS, KHODGAON",27090612601,MAHARASHTRA,NAGPUR,RAMTEK,KACHURWAHI ,KHODGAON,441106,at. khodgaon po. kachurwahi ta. ramtek dist. nagpur,Local Body,Primary,3-Co-educational,1–4,Rural,Operational,Khodegaon,Kachurwahi,Ramtek
153,"Z.P. PS, KHANDALA",27090612701,MAHARASHTRA,NAGPUR,RAMTEK,KACHURWAHI ,KHANDALA,441106,"Khandala, Post- Kachurwahi, Tah- Ramtek, Dist- Nagpur",Local Body,Primary,3-Co-educational,1–4,Rural,Operational,Khandala (Kh),Bori,Ramtek
154,"Z.P. PS, SHIRPUR",27090612801,MAHARASHTRA,NAGPUR,RAMTEK,KACHURWAHI ,SHIRPUR,441106,"Shirpur, Post- Karchurwahi, Tah- Ramtek, Dist- Nagpur",Local Body,Primary,3-Co-educational,1–4,Rural,Operational,Kachurwahi,Kachurwahi,Ramtek
155,"Z.P. PS, HATODI",27090612901,MAHARASHTRA,NAGPUR,RAMTEK,KACHURWAHI ,HATODI,441106,Hatodi po-Kachurwahi Ta-Ramtek Dist-Nagpur,Local Body,Primary,3-Co-educational,1–4,Rural,Operational,Hatodi,Lohadongri,Ramtek
156,"Z.P. PS, SANGRAMPUR",27090613001,MAHARASHTRA,NAGPUR,RAMTEK,KACHURWAHI ,SANGRAMPUR,441106,"At- Sangarampur, Po-Kachurwahi, Ta-Ramtek, Dist-Nagpur",Local Body,Primary,3-Co-educational,1–4,Rural,Operational,Sagrampur,Navergaon,Ramtek
157,"Z.P. PS, SANGRAMPURTOLA",27090613002,MAHARASHTRA,NAGPUR,RAMTEK,KACHURWAHI ,SANGRAMPUR,441106,"At-Sangarampurtola, Po-Ramtek, Ta-Ramtek, Distt-Nagpur",Local Body,Primary,3-Co-educational,1–5,Rural,Operational,Sagrampur,Navergaon,Ramtek
158,"Z.P. PS, AAMGAON",27090613101,MAHARASHTRA,NAGPUR,RAMTEK,KACHURWAHI ,AAMGAON,441106,AT AMGAON TH RAMTEK DI NAGPUR,Local Body,Primary,3-Co-educational,1–5,Rural,Operational,Amgaon,Navergaon,Ramtek
159,"BHARTIY PUBLIC SCHOOL, AMBALA ",27090613102,MAHARASHTRA,NAGPUR,RAMTEK,KACHURWAHI ,AAMGAON,441106,"Bhartiya Public School , Premises of Nagrik Adhyapak College, Aamgaon",Private Unaided (Recognized) ,Primary,3-Co-educational,1–5,Rural,Operational,Amgaon,Navergaon,Ramtek
160,"Z.P. PS NO.1, NAGARDHAN",27090613301,MAHARASHTRA,NAGPUR,RAMTEK, NAGARDHAN ,NAGARDHAN,441106,"Nagardhan, Tah- Ramtek, Dist- Nagpur",Local Body,Primary,3-Co-educational,1–4,Rural,Operational,Nagardhan,Nagardhan,Ramtek
161,"Z.P. PS NO.2, NAGARDHAN",27090613302,MAHARASHTRA,NAGPUR,RAMTEK,,NAGARDHAN,441106,,Local Body,Primary,3-Co-educational,1–4,Rural,Permanently Closed,Nagardhan,Nagardhan,Ramtek
162,"NANDI VARDHAN PS, NAGARDHAN",27090613303,MAHARASHTRA,NAGPUR,RAMTEK, NAGARDHAN ,NAGARDHAN,441106,Nagardhan Tha. Ramtek Dist. Nagpur,Other State Govt. Managed,Primary,3-Co-educational,1–4,Rural,Operational,Nagardhan,Nagardhan,Ramtek
163,NANDIVRDHAN VDY&JR COLLEGE NAGARDHN,27090613304,MAHARASHTRA,NAGPUR,RAMTEK, NAGARDHAN ,NAGARDHAN,441106,Nagardhan Ta. Ramtek Dist. nagpur,Other State Govt. Managed,Pr. with Up.Pr. Sec. and H.Sec.,3-Co-educational,5–12,Rural,Operational,Nagardhan,Nagardhan,Ramtek
164,LATE.INDIRA GANDHI VDY NAGARDHAN,27090613305,MAHARASHTRA,NAGPUR,RAMTEK, NAGARDHAN ,NAGARDHAN,441106,NAGARDHAN TA RAMTEK DIST NAGPUR,Other State Govt. Managed,Pr. with Up.Pr. Sec. and H.Sec.,3-Co-educational,1–12,Rural,Operational,Nagardhan,Nagardhan,Ramtek
165,JAGRUTI ADI PRATHMIK ASHRAM SCH NAGARDHAN,27090613307,MAHARASHTRA,NAGPUR,RAMTEK, NAGARDHAN ,NAGARDHAN,441106,At Nagardhan Ta-Ramtek,Other State Govt. Managed,Primary with Upper Primary,3-Co-educational,1–7,Rural,Operational,Nagardhan,Nagardhan,Ramtek
166,JAGRUTI ADI. MADHYAMIK ASHRAM SCH. NAGARDHAN,27090613308,MAHARASHTRA,NAGPUR,RAMTEK, NAGARDHAN ,NAGARDHAN,441106,At Nagardhan Ta-Ramtek,Other State Govt. Managed,Upper Pr. and Secondary,3-Co-educational,8–10,Rural,Operational,Nagardhan,Nagardhan,Ramtek
167,"SARASWATI CONVENT AND JUNIOR COLLEGE, NAGARDHAN",27090613309,MAHARASHTRA,NAGPUR,RAMTEK, NAGARDHAN ,NAGARDHAN,441106,"Near Koteshwar Tempal, Satak Road, Nagardhan, Tah. Ramtek, Dis. Nagpur",Private Unaided (Recognized) ,Pr. with Up.Pr. Sec. and H.Sec.,3-Co-educational,1–12,Rural,Operational,Nagardhan,Nagardhan,Ramtek
168,NAVPRABHAT CONVENT NAGARDHAN,27090613310,MAHARASHTRA,NAGPUR,RAMTEK, NAGARDHAN ,NAGARDHAN,441106,Mouda road nandapuri bus stand nagrdhan,Private Unaided (Recognized) ,Primary with Upper Primary,3-Co-educational,1–8,Rural,Operational,Nagardhan,Nagardhan,Ramtek
169,"Z.P. UPS, AJANI",27090613401,MAHARASHTRA,NAGPUR,RAMTEK, NAGARDHAN ,AJANI,441106,"At. Ajani, Post. Nagardhan Ta. Ramtek, Dist, NAgpur",Local Body,Primary with Upper Primary,3-Co-educational,1–8,Rural,Operational,Ajani,Aajni,Ramtek
170,"Z.P. UPS, CHICHALA",27090613501,MAHARASHTRA,NAGPUR,RAMTEK, NAGARDHAN ,CHICHALA,441106,"At. Post. Chichala, Ta. Ramtek, Dist Nagpur",Local Body,Primary with Upper Primary,3-Co-educational,1–7,Rural,Operational,Chichda(Navin),Chichala,Ramtek
171,"Z.P. PS, CHICHALATOLI",27090613502,MAHARASHTRA,NAGPUR,RAMTEK, NAGARDHAN ,CHICHALA,441106,"Chichalatoli, Post- Nagardhan, Tah- Ramtek, Dist- Nagpur ",Local Body,Primary,3-Co-educational,1–4,Rural,Operational,Chichda(Navin),Chichala,Ramtek
172,"Z.P. PS, HAMLAPURI",27090613601,MAHARASHTRA,NAGPUR,RAMTEK, NAGARDHAN ,HAMALAPURI,441106,AT-Hamlapuri Post-Nagardhan Tah-Ramtek Dis-nagpur,Local Body,Primary,3-Co-educational,1–5,Rural,Operational,Hamlapuri,Chichala,Ramtek
173,"Z.P. PS, UDAPUR",27090613701,MAHARASHTRA,NAGPUR,RAMTEK, NAGARDHAN ,UDAPUR,441106,"Udapur, Post- Nagardhan, Tah- Ramtek, Dist- Nagpur",Local Body,Primary,3-Co-educational,1–4,Rural,Operational,Nagardhan,Nagardhan,Ramtek
174,"Z.P. PS, KAWALAPUR",27090613801,MAHARASHTRA,NAGPUR,RAMTEK, NAGARDHAN ,KAWALAPUR,441106,"At Kawalapur, Post. Nagardhan, Ta. Ramtek, Dist Nagpur",Local Body,Primary,3-Co-educational,1–5,Rural,Operational,Kawalapur,Manapur,Ramtek
175,"Z.P. PS, MANAPUR",27090613901,MAHARASHTRA,NAGPUR,RAMTEK, NAGARDHAN ,MANAPUR,441106,At. Manapur Post-Ramtek Tah.-Ramtek Dis.-Nagpur,Local Body,Primary,3-Co-educational,1–5,Rural,Operational,Manapur,Manapur,Ramtek
176,"Z.P. PS, BHOJAPUR",27090614001,MAHARASHTRA,NAGPUR,RAMTEK, NAGARDHAN ,BHOJAPUR,441106,"At-Bhojapur, Po-Ramtek, Dist-Nagpur",Local Body,Primary,3-Co-educational,1–4,Rural,Operational,Bhojapur,Manapur,Ramtek
177,"JANAPRABHA INTERNATIONAL, BHOJAPUR",27090614002,MAHARASHTRA,NAGPUR,RAMTEK, NAGARDHAN ,BHOJAPUR,441106,ASTHA NAGARI BHOJAPUR,Private Unaided (Recognized) ,Pr. with Up.Pr. Sec. and H.Sec.,3-Co-educational,1–12,Rural,Operational,Bhojapur,Manapur,Ramtek
178,"Z.P. UPS, HIWARAHIWARI",27090614101,MAHARASHTRA,NAGPUR,RAMTEK, NAGARDHAN ,HIWARAHIWARI,441106,"Hiwrahiwari, Post- Khairibijewada, Tah- Ramtek, dist- Nagpur",Local Body,Primary with Upper Primary,3-Co-educational,1–8,Rural,Operational,Hiwra (Hiwri),Hiwrahiwri,Ramtek
179,"Z.P. PS, KHAIRIBIJEWADA",27090614201,MAHARASHTRA,NAGPUR,RAMTEK,,KHAIRYBIJEWADA,441106,,Local Body,Primary,3-Co-educational,1–5,Rural,Permanently Closed,Khairi,Khairi(Bi),Ramtek
180,MAHATMA JYOTIBA PHULE VIDYALAY KHAIRIBIJEWADA,27090614202,MAHARASHTRA,NAGPUR,RAMTEK, NAGARDHAN ,KHAIRYBIJEWADA,441106,At. khari bijewada ta.ramtek,Other State Govt. Managed,Pr. Up Pr. and Secondary Only,3-Co-educational,5–10,Rural,Operational,Khairi,Khairi(Bi),Ramtek
181,"Z.P. PS, CHARGAON",27090614301,MAHARASHTRA,NAGPUR,RAMTEK, NAGARDHAN ,CHARGAON,441106,"Chargaon, Post. Khairy bijewada, Ta. Ramtek, Dist. Nagpur",Local Body,Primary,3-Co-educational,1–5,Rural,Operational,Chargaon,Khairi(Bi),Ramtek
182,"SUNRISE INTERNATIONAL SCHOOL, CHARGAON",27090614302,MAHARASHTRA,NAGPUR,RAMTEK, NAGARDHAN ,CHARGAON,441106,"Behind Reliance Petrol pump, Chargaon Ramtek",Private Unaided (Recognized) ,Pr. Up Pr. and Secondary Only,3-Co-educational,1–10,Rural,Operational,Chargaon,Khairi(Bi),Ramtek
183,"Z.P. PS, SHITALWADI",27090614401,MAHARASHTRA,NAGPUR,RAMTEK, NAGARDHAN ,SITALWADI,441106,Shitalwadi post. k. k. nagar Ta.Ramtek Dt.Nagpur 441106,Local Body,Primary,3-Co-educational,1–5,Rural,Operational,Sitalwadi,Shitalwadi,Ramtek
184,DNYANDEEP CONVENT SCH SITALWADI,27090614402,MAHARASHTRA,NAGPUR,RAMTEK, NAGARDHAN ,SITALWADI,441106,kknagarShitalwadiRamtek ,Private Unaided (Recognized) ,Pr. with Up.Pr. Sec. and H.Sec.,3-Co-educational,1–12,Rural,Operational,Sitalwadi,Shitalwadi,Ramtek
185,"SANT GAJANAN MAHARAJ ENG. PRIMARY SCHOOL, BHOJAPUR",27090614404,MAHARASHTRA,NAGPUR,RAMTEK,,SITALWADI,,,Not Available,Pr. Up Pr. and Secondary Only,3-Co-educational,1–10,Rural,Permanently Closed,Sitalwadi,Shitalwadi,Ramtek
186,"SHRI SANT GADGE MAHARAJ MUK BADHIR NIWASI VIDYALAY RAMTEK, SHITALWADI",27090614405,MAHARASHTRA,NAGPUR,RAMTEK, NAGARDHAN ,SITALWADI,441106,"Shitalwadi, Near Gawalan nala, Ramtek Dist- Nagpur. pin code- 441106",Other State Govt. Managed,Primary with Upper Primary,3-Co-educational,1–8,Rural,Operational,Sitalwadi,Shitalwadi,Ramtek
187,"SNEHASADAN MATIMAND MULA MULINCHI VISHESH ANIWASI SCHOOL, SHITALWADI",27090614406,MAHARASHTRA,NAGPUR,RAMTEK, NAGARDHAN ,SITALWADI,441106,Aadarsh Colony Post. K.K.Nagar Shitalwadi,Other State Govt. Managed,Primary,3-Co-educational,1–5,Rural,Operational,Sitalwadi,Shitalwadi,Ramtek
188,"EKLAVYA MODEL RESIDENTIAL SCHOOL, KHAIRI-PARSODA",27090614501,MAHARASHTRA,NAGPUR,RAMTEK, NAGARDHAN ,PARSODA,441106,AT. KHAIRI-PARSODA TA. RAMTEK DIST. NAGPUR,Tribal Welfare Department,Up. Pr. Secondary and Higher Sec,3-Co-educational,6–12,Rural,Operational,Parsoda,Shitalwadi,Ramtek
189,"SHRIRAM UCCHA PRATHMIK SHALA, WAHITOLA",27090614502,MAHARASHTRA,NAGPUR,RAMTEK, NAGARDHAN ,PARSODA,441106,"wahitola post. khairi, t-ramtek , dist-nagpur",Other State Govt. Managed,Primary with Upper Primary,3-Co-educational,1–7,Rural,Operational,Nagardhan,Nagardhan,Ramtek
190,"SAI INTERNATIONAL SCHOOL, PARSODA",27090614503,MAHARASHTRA,NAGPUR,RAMTEK, NAGARDHAN ,PARSODA,441106,"Anandrao Deshmukh Nagar, Choriya Layout Parsoda Ramtek Dist Nagpur",Private Unaided (Recognized) ,Pr. with Up.Pr. Sec. and H.Sec.,3-Co-educational,1–12,Rural,Operational,Parsoda,Shitalwadi,Ramtek
191,"Z.P. PS, BIJEWADA",27090614601,MAHARASHTRA,NAGPUR,RAMTEK, NAGARDHAN ,BIJEWADA,441106,"At. Bijewada, Post, Khairi Bijewada, Ta. Ramtek, Dist, Nagpur",Local Body,Primary,3-Co-educational,1–5,Rural,Operational,Bijewada,Khairi(Bi),Ramtek
192,"Z.P. PS,  MANSAR(MINE)",27090614701,MAHARASHTRA,NAGPUR,RAMTEK, NAGARDHAN ,MANSAR MINE,441106,"Mansar Mine , Tah- Ramtek, Dist- Nagpur",Local Body,Primary,3-Co-educational,1–5,Rural,Operational,Mansar,Mansar,Ramtek
193,"LATE.S.KIMMATKAR N.P. PS,RAMTEK",27090614801,MAHARASHTRA,NAGPUR,RAMTEK,"LATE.M.SANGODE N.P. PS,RAMTEK ",RAMTEK CITY,441106,SHASHTRI WARD RAMTEK DIST- NAGPUR PIN- 441106,Local Body,Primary,3-Co-educational,1–4,Urban,Operational,,,
194,"LATE V.HATWAR N.P. PS,RAMTEK",27090614803,MAHARASHTRA,NAGPUR,RAMTEK,"LATE.M.SANGODE N.P. PS,RAMTEK ",RAMTEK CITY,441106,"JAYPRAKASH WARD RAMTEK, DIST- NAGPUR, PIN- 441106",Local Body,Primary with Upper Primary,3-Co-educational,1–7,Urban,Operational,,,
195,"LATE.J.BARVE N.P. PS,RAMTEK",27090614804,MAHARASHTRA,NAGPUR,RAMTEK,"LATE.M.SANGODE N.P. PS,RAMTEK ",RAMTEK CITY,441106,"Shivaji Ward Ramtek, Dist- Nagpur Pin- 441106",Local Body,Primary,3-Co-educational,1–4,Urban,Operational,,,
196,"LATE.M.SANGODE N.P. PS,RAMTEK",27090614805,MAHARASHTRA,NAGPUR,RAMTEK,"LATE.M.SANGODE N.P. PS,RAMTEK ",RAMTEK CITY,441106,"SUBHAS WARD RAMTEK, DIST- NAGPUR PIN -441106",Local Body,Primary with Upper Primary,3-Co-educational,1–7,Urban,Operational,,,
197,"PM SHRI LATE.R.MATHKAR N.P. PS, RAMTEK",27090614806,MAHARASHTRA,NAGPUR,RAMTEK,"LATE.M.SANGODE N.P. PS,RAMTEK ",RAMTEK CITY,441106,"At-Ambada Ward, Ta-Ramtek, Distt-Nagpur",Local Body,Primary,3-Co-educational,1–4,Urban,Operational,,,
198,"RASHTRIYA ADARSH VIDYALAYA PRATHMIK VIBHAG, RAMTEK",27090614807,MAHARASHTRA,NAGPUR,RAMTEK,"LATE.M.SANGODE N.P. PS,RAMTEK ",RAMTEK CITY,441106,"Rajaji Ward Ramtek Th.Ramtek , Dist.Nagpur",Other State Govt. Managed,Primary,3-Co-educational,1–4,Urban,Operational,,,
199,"SAMARTH PRIMARY SCHOOL, RAMTEK",27090614808,MAHARASHTRA,NAGPUR,RAMTEK,"LATE.M.SANGODE N.P. PS,RAMTEK ",RAMTEK CITY,441106,Aazad Ward Ramtek th ramtek,Other State Govt. Managed,Primary,3-Co-educational,1–4,Urban,Operational,,,
200,"SHRIRAM PS, RAMTEK",27090614809,MAHARASHTRA,NAGPUR,RAMTEK,"LATE.M.SANGODE N.P. PS,RAMTEK ",RAMTEK CITY,441106,Ramaleshwar ward near tahsil office ramtek,Other State Govt. Managed,Primary,3-Co-educational,1–4,Urban,Operational,,,
201,"SAMARTH CONVENT, RAMTEK",27090614810,MAHARASHTRA,NAGPUR,RAMTEK,"LATE.M.SANGODE N.P. PS,RAMTEK ",RAMTEK CITY,441106,AZAD WARD DUDHALA ROAD RAMTEK,Private Unaided (Recognized) ,Pr. with Up.Pr. Sec. and H.Sec.,3-Co-educational,1–12,Urban,Operational,,,
202,"RASHTRIYA ADARSH VIDYALAYA AND JUNIOR COLLEGE (ARTS AND SCIENCE), RAMTEK",27090614811,MAHARASHTRA,NAGPUR,RAMTEK,"LATE.M.SANGODE N.P. PS,RAMTEK ",RAMTEK CITY,441106,Rajaji Ward Near Nagar Parishad Ramtek Tah. Ramtek Dist. Nagpur,Other State Govt. Managed,Pr. with Up.Pr. Sec. and H.Sec.,3-Co-educational,5–12,Urban,Operational,,,
203,"SHRIRAM VIDYALAYA AND JUNIOR COLLEGE, RAMTEK",27090614812,MAHARASHTRA,NAGPUR,RAMTEK,"LATE.M.SANGODE N.P. PS,RAMTEK ",RAMTEK CITY,441106,Ramaleswar ward Ramtek,Other State Govt. Managed,Pr. with Up.Pr. Sec. and H.Sec.,3-Co-educational,5–12,Urban,Operational,,,
204,SHRIRAM KANYA VDY RAMTEK,27090614813,MAHARASHTRA,NAGPUR,RAMTEK,"LATE.M.SANGODE N.P. PS,RAMTEK ",RAMTEK CITY,441106,Ramaleshwar ward ramtek,Other State Govt. Managed,Pr. Up Pr. and Secondary Only,2-Girls,5–10,Urban,Operational,,,
205,"SAMARTH HIGH SCHOOL & Jr. COLLEGE, RAMTEK",27090614814,MAHARASHTRA,NAGPUR,RAMTEK,"LATE.M.SANGODE N.P. PS,RAMTEK ",RAMTEK CITY,441106,"Dr.Ambedkar Ward,Ramtek",Other State Govt. Managed,Pr. with Up.Pr. Sec. and H.Sec.,3-Co-educational,5–12,Urban,Operational,,,
206,"RAMAJI MAHAJAN N.P. VDY,RAMTEK",27090614815,MAHARASHTRA,NAGPUR,RAMTEK,"LATE.M.SANGODE N.P. PS,RAMTEK ",RAMTEK CITY,441106,gandhi ward Mothi gadpayri rod ramtek,Local Body,Pr. Up Pr. and Secondary Only,3-Co-educational,5–10,Urban,Operational,,,
207,"SHRI NARENDRA TIDKE COLLEGE OF ARTS & COMMERCE, RAMTEK",27090614818,MAHARASHTRA,NAGPUR,RAMTEK,"LATE.M.SANGODE N.P. PS,RAMTEK ",RAMTEK CITY,441106,"Ambala Road Ramtek, Ta-Ramtek, Distt-Nagpur",Other State Govt. Managed,Higher Secondary only/Jr. College,3-Co-educational,11–12,Urban,Operational,,,
208,"SNEHASADAN MATIMAND MULAMULINCHI ANIWASI SCHOOL, SHITALWADI",27090614819,MAHARASHTRA,NAGPUR,RAMTEK,,RAMTEK CITY,441106,,Private Unaided (Recognized) ,Primary,3-Co-educational,1–5,Rural,Permanently Closed,Sitalwadi,Shitalwadi,Ramtek
209,"PRATIBHASTHALI GYANODAYA VIDYAPEETH, RAMTEK",27090614820,MAHARASHTRA,NAGPUR,RAMTEK,,RAMTEK CITY,,,Private Unaided (Recognized) ,Pr. Up Pr. and Secondary Only,3-Co-educational,1–10,Rural,Permanently Closed,Sitalwadi,Shitalwadi,Ramtek
210,"Z.P. PS, MANSARAMTOLA",27090614901,MAHARASHTRA,NAGPUR,RAMTEK,KARWAHI ,MANSARAM TOLA,441401,"MANSARAMTOL TA, RAMTEK DIST.NAGPUR",Local Body,Primary,3-Co-educational,1–4,Rural,Operational,Karwahi,Karwahi,Ramtek
211,"Z.P. PS, RAMTEKDI",27090615001,MAHARASHTRA,NAGPUR,RAMTEK,DEOLAPAR ,RAMTEKDI,441401,"AT-RAMTEKDI, PO- DEOLAPAR,TA-RAMTEK",Local Body,Primary,3-Co-educational,1–4,Rural,Operational,Deolapar,Dewlapar,Ramtek
212,"Z.P. PS, KATHIYATOLA",27090615201,MAHARASHTRA,NAGPUR,RAMTEK,KARWAHI ,KATHIYA TOLA,441401,KATHIYATOLA POST.KARWAHI TA. RAMTEK DIST. NAGPUR,Local Body,Primary,3-Co-educational,1–5,Rural,Operational,Karwahi,Karwahi,Ramtek
213,FUTURE POINT SCHOOL NAVEGAON ,27090615301,MAHARASHTRA,NAGPUR,RAMTEK, NAGARDHAN ,NAVEGAON (RITHI),441106,Near B.R.M. Rice Mill Chichala Road Navegaon Rithi Ramtek,Private Unaided (Recognized) ,Primary with Upper Primary,3-Co-educational,1–8,Rural,Operational,Chichda(Navin),Chichala,Ramtek
214,"PRATIBHASTHALI GYANODAYA VIDYAPEETH, RAMTEK",27090616101,MAHARASHTRA,NAGPUR,RAMTEK,MUSEWADI ,KAWADAK,441106,"AT D.PRATIBHASTHALI GYANODAYA VIDYAPEETH SHRI SHANTINATH DIGM.JAIN MANDIR ,RAMTEK ",Private Unaided (Recognized) ,Pr. with Up.Pr. Sec. and H.Sec.,2-Girls,1–12,Rural,Operational,Kawadak,Soneghat,Ramtek
